<?xml version="1.0" encoding="UTF-8"?>
<beans xmlns="http://www.springframework.org/schema/beans"
	xmlns:xsi="http://www.w3.org/2001/XMLSchema-instance"
	xsi:schemaLocation="http://www.springframework.org/schema/beans http://www.springframework.org/schema/beans/spring-beans.xsd">

	  <bean id="student1" class="com.example.Student">
        <property name="id" value="1" />
        <property name="fname" value="John" />
        <property name="lname" value="Doe" />
        <property name="email" value="john.doe@example.com" />
        <property name="mobile" value="1234567890" />
    </bean>

    <bean id="student2" class="com.example.Student">
        <property name="id" value="2" />
        <property name="fname" value="Josh" />
        <property name="lname" value="xyz" />
        <property name="email" value="josh.xyz@example.com" />
        <property name="mobile" value="1234567891" />
    </bean>
    
    <bean id="student3" class="com.example.Student">
        <property name="id" value="3" />
        <property name="fname" value="ankit" />
        <property name="lname" value="Nandani" />
        <property name="email" value="Ankit@example.com" />
        <property name="mobile" value="1234567892" />
    </bean>
    
    <bean id="student4" class="com.example.Student">
        <property name="id" value="4" />
        <property name="fname" value="Sagar" />
        <property name="lname" value="Umretiya" />
        <property name="email" value="Sagar@example.com" />
        <property name="mobile" value="1234567893" />
    </bean>
    
    <bean id="student5" class="com.example.Student">
        <property name="id" value="5" />
        <property name="fname" value="Rushi" />
        <property name="lname" value="Joban" />
        <property name="email" value="joban@example.com" />
        <property name="mobile" value="1234567894" />
    </bean>

    <!-- Define a List to hold the students -->
    <bean id="studentList" class="java.util.ArrayList">
        <constructor-arg>
            <list>
                <ref bean="student1" />
                <ref bean="student2" />
                <ref bean="student3" />
                <ref bean="student4" />
                <ref bean="student5" />
                <!-- Add more student references as needed -->
            </list>
        </constructor-arg>
    </bean>

</beans>
