<?xml version="1.0" encoding="UTF-8"?>
<beans xmlns="http://www.springframework.org/schema/beans"
	xmlns:xsi="http://www.w3.org/2001/XMLSchema-instance"
	xsi:schemaLocation="http://www.springframework.org/schema/beans http://www.springframework.org/schema/beans/spring-beans.xsd">

	<bean id="CustomerBean" class="com.mkyong.common.Customer">
		<property name="person">
			<bean class="com.mkyong.common.Person">
				<property name="name" value="mkyong" />
				<property name="address" value="address1" />
				<property name="age" value="28" />
			</bean>
		</property>
	</bean>

</beans>